Year,Population,SIM
01/01/2017,4593,1
01/01/2018,4535,1
01/01/2019,4460,1
01/01/2020,4388,1
01/01/2021,4325,1
01/01/2022,4264,1
01/01/2023,4197,1
01/01/2024,4131,1
01/01/2025,4067,1
01/01/2026,4002,1
01/01/2027,3932,1
01/01/2028,3837,1
01/01/2029,3760,1
01/01/2030,3684,1
01/01/2031,3605,1
01/01/2017,4603,2
01/01/2018,4552,2
01/01/2019,4479,2
01/01/2020,4388,2
01/01/2021,4330,2
01/01/2022,4255,2
01/01/2023,4176,2
01/01/2024,4111,2
01/01/2025,4031,2
01/01/2026,3968,2
01/01/2027,3897,2
01/01/2028,3810,2
01/01/2029,3742,2
01/01/2030,3680,2
01/01/2031,3600,2
01/01/2017,4594,3
01/01/2018,4517,3
01/01/2019,4436,3
01/01/2020,4367,3
01/01/2021,4289,3
01/01/2022,4244,3
01/01/2023,4183,3
01/01/2024,4106,3
01/01/2025,4044,3
01/01/2026,3970,3
01/01/2027,3890,3
01/01/2028,3815,3
01/01/2029,3736,3
01/01/2030,3654,3
01/01/2031,3584,3
01/01/2017,4601,4
01/01/2018,4543,4
01/01/2019,4465,4
01/01/2020,4395,4
01/01/2021,4329,4
01/01/2022,4249,4
01/01/2023,4187,4
01/01/2024,4114,4
01/01/2025,4040,4
01/01/2026,3969,4
01/01/2027,3898,4
01/01/2028,3819,4
01/01/2029,3738,4
01/01/2030,3666,4
01/01/2031,3583,4
01/01/2017,4602,5
01/01/2018,4527,5
01/01/2019,4464,5
01/01/2020,4383,5
01/01/2021,4303,5
01/01/2022,4214,5
01/01/2023,4147,5
01/01/2024,4077,5
01/01/2025,4013,5
01/01/2026,3936,5
01/01/2027,3855,5
01/01/2028,3789,5
01/01/2029,3723,5
01/01/2030,3638,5
01/01/2031,3578,5
01/01/2017,4611,6
01/01/2018,4540,6
01/01/2019,4468,6
01/01/2020,4388,6
01/01/2021,4319,6
01/01/2022,4242,6
01/01/2023,4168,6
01/01/2024,4094,6
01/01/2025,4025,6
01/01/2026,3956,6
01/01/2027,3889,6
01/01/2028,3818,6
01/01/2029,3740,6
01/01/2030,3674,6
01/01/2031,3608,6
01/01/2017,4597,7
01/01/2018,4542,7
01/01/2019,4473,7
01/01/2020,4407,7
01/01/2021,4342,7
01/01/2022,4264,7
01/01/2023,4175,7
01/01/2024,4103,7
01/01/2025,4018,7
01/01/2026,3948,7
01/01/2027,3878,7
01/01/2028,3807,7
01/01/2029,3731,7
01/01/2030,3657,7
01/01/2031,3590,7
01/01/2017,4602,8
01/01/2018,4531,8
01/01/2019,4468,8
01/01/2020,4402,8
01/01/2021,4328,8
01/01/2022,4262,8
01/01/2023,4180,8
01/01/2024,4104,8
01/01/2025,4041,8
01/01/2026,3969,8
01/01/2027,3895,8
01/01/2028,3810,8
01/01/2029,3726,8
01/01/2030,3657,8
01/01/2031,3587,8
01/01/2017,4603,9
01/01/2018,4541,9
01/01/2019,4478,9
01/01/2020,4407,9
01/01/2021,4333,9
01/01/2022,4260,9
01/01/2023,4181,9
01/01/2024,4115,9
01/01/2025,4050,9
01/01/2026,3974,9
01/01/2027,3906,9
01/01/2028,3851,9
01/01/2029,3777,9
01/01/2030,3712,9
01/01/2031,3631,9
01/01/2017,4599,10
01/01/2018,4518,10
01/01/2019,4444,10
01/01/2020,4375,10
01/01/2021,4308,10
01/01/2022,4227,10
01/01/2023,4162,10
01/01/2024,4087,10
01/01/2025,4024,10
01/01/2026,3950,10
01/01/2027,3888,10
01/01/2028,3823,10
01/01/2029,3741,10
01/01/2030,3665,10
01/01/2031,3602,10
01/01/2017,4605,11
01/01/2018,4547,11
01/01/2019,4479,11
01/01/2020,4410,11
01/01/2021,4339,11
01/01/2022,4267,11
01/01/2023,4189,11
01/01/2024,4129,11
01/01/2025,4063,11
01/01/2026,3976,11
01/01/2027,3903,11
01/01/2028,3826,11
01/01/2029,3748,11
01/01/2030,3672,11
01/01/2031,3613,11
01/01/2017,4593,12
01/01/2018,4517,12
01/01/2019,4457,12
01/01/2020,4373,12
01/01/2021,4305,12
01/01/2022,4227,12
01/01/2023,4166,12
01/01/2024,4101,12
01/01/2025,4030,12
01/01/2026,3953,12
01/01/2027,3889,12
01/01/2028,3816,12
01/01/2029,3741,12
01/01/2030,3673,12
01/01/2031,3608,12
01/01/2017,4596,13
01/01/2018,4512,13
01/01/2019,4436,13
01/01/2020,4361,13
01/01/2021,4290,13
01/01/2022,4226,13
01/01/2023,4166,13
01/01/2024,4108,13
01/01/2025,4035,13
01/01/2026,3963,13
01/01/2027,3891,13
01/01/2028,3815,13
01/01/2029,3738,13
01/01/2030,3657,13
01/01/2031,3586,13
01/01/2017,4596,14
01/01/2018,4541,14
01/01/2019,4464,14
01/01/2020,4394,14
01/01/2021,4324,14
01/01/2022,4261,14
01/01/2023,4185,14
01/01/2024,4117,14
01/01/2025,4032,14
01/01/2026,3960,14
01/01/2027,3882,14
01/01/2028,3809,14
01/01/2029,3741,14
01/01/2030,3663,14
01/01/2031,3598,14
01/01/2017,4599,15
01/01/2018,4528,15
01/01/2019,4470,15
01/01/2020,4395,15
01/01/2021,4331,15
01/01/2022,4273,15
01/01/2023,4206,15
01/01/2024,4125,15
01/01/2025,4050,15
01/01/2026,3970,15
01/01/2027,3907,15
01/01/2028,3829,15
01/01/2029,3756,15
01/01/2030,3679,15
01/01/2031,3609,15
01/01/2017,4605,16
01/01/2018,4529,16
01/01/2019,4456,16
01/01/2020,4393,16
01/01/2021,4314,16
01/01/2022,4246,16
01/01/2023,4171,16
01/01/2024,4094,16
01/01/2025,4041,16
01/01/2026,3967,16
01/01/2027,3891,16
01/01/2028,3822,16
01/01/2029,3738,16
01/01/2030,3662,16
01/01/2031,3577,16
01/01/2017,4593,17
01/01/2018,4514,17
01/01/2019,4438,17
01/01/2020,4360,17
01/01/2021,4293,17
01/01/2022,4220,17
01/01/2023,4159,17
01/01/2024,4086,17
01/01/2025,4008,17
01/01/2026,3937,17
01/01/2027,3881,17
01/01/2028,3803,17
01/01/2029,3734,17
01/01/2030,3670,17
01/01/2031,3587,17
01/01/2017,4611,18
01/01/2018,4535,18
01/01/2019,4465,18
01/01/2020,4395,18
01/01/2021,4333,18
01/01/2022,4260,18
01/01/2023,4187,18
01/01/2024,4126,18
01/01/2025,4048,18
01/01/2026,3970,18
01/01/2027,3895,18
01/01/2028,3831,18
01/01/2029,3761,18
01/01/2030,3684,18
01/01/2031,3614,18
01/01/2017,4603,19
01/01/2018,4541,19
01/01/2019,4470,19
01/01/2020,4400,19
01/01/2021,4336,19
01/01/2022,4267,19
01/01/2023,4188,19
01/01/2024,4112,19
01/01/2025,4050,19
01/01/2026,3992,19
01/01/2027,3925,19
01/01/2028,3847,19
01/01/2029,3786,19
01/01/2030,3702,19
01/01/2031,3627,19
01/01/2017,4608,20
01/01/2018,4539,20
01/01/2019,4476,20
01/01/2020,4406,20
01/01/2021,4327,20
01/01/2022,4254,20
01/01/2023,4193,20
01/01/2024,4122,20
01/01/2025,4049,20
01/01/2026,3975,20
01/01/2027,3904,20
01/01/2028,3834,20
01/01/2029,3758,20
01/01/2030,3686,20
01/01/2031,3604,20
01/01/2017,4599,21
01/01/2018,4528,21
01/01/2019,4452,21
01/01/2020,4375,21
01/01/2021,4313,21
01/01/2022,4240,21
01/01/2023,4171,21
01/01/2024,4113,21
01/01/2025,4050,21
01/01/2026,3981,21
01/01/2027,3914,21
01/01/2028,3839,21
01/01/2029,3766,21
01/01/2030,3688,21
01/01/2031,3616,21
01/01/2017,4583,22
01/01/2018,4528,22
01/01/2019,4464,22
01/01/2020,4399,22
01/01/2021,4332,22
01/01/2022,4254,22
01/01/2023,4175,22
01/01/2024,4101,22
01/01/2025,4026,22
01/01/2026,3947,22
01/01/2027,3885,22
01/01/2028,3815,22
01/01/2029,3740,22
01/01/2030,3658,22
01/01/2031,3575,22
01/01/2017,4608,23
01/01/2018,4535,23
01/01/2019,4464,23
01/01/2020,4394,23
01/01/2021,4314,23
01/01/2022,4244,23
01/01/2023,4182,23
01/01/2024,4099,23
01/01/2025,4031,23
01/01/2026,3969,23
01/01/2027,3898,23
01/01/2028,3833,23
01/01/2029,3769,23
01/01/2030,3693,23
01/01/2031,3618,23
01/01/2017,4602,24
01/01/2018,4531,24
01/01/2019,4461,24
01/01/2020,4375,24
01/01/2021,4319,24
01/01/2022,4246,24
01/01/2023,4161,24
01/01/2024,4110,24
01/01/2025,4046,24
01/01/2026,3970,24
01/01/2027,3888,24
01/01/2028,3803,24
01/01/2029,3729,24
01/01/2030,3658,24
01/01/2031,3568,24
01/01/2017,4600,25
01/01/2018,4543,25
01/01/2019,4471,25
01/01/2020,4385,25
01/01/2021,4321,25
01/01/2022,4249,25
01/01/2023,4185,25
01/01/2024,4101,25
01/01/2025,4034,25
01/01/2026,3958,25
01/01/2027,3887,25
01/01/2028,3819,25
01/01/2029,3727,25
01/01/2030,3656,25
01/01/2031,3572,25
01/01/2017,4615,26
01/01/2018,4548,26
01/01/2019,4445,26
01/01/2020,4373,26
01/01/2021,4299,26
01/01/2022,4236,26
01/01/2023,4162,26
01/01/2024,4103,26
01/01/2025,4037,26
01/01/2026,3974,26
01/01/2027,3891,26
01/01/2028,3816,26
01/01/2029,3746,26
01/01/2030,3652,26
01/01/2031,3583,26
01/01/2017,4602,27
01/01/2018,4527,27
01/01/2019,4444,27
01/01/2020,4374,27
01/01/2021,4302,27
01/01/2022,4237,27
01/01/2023,4161,27
01/01/2024,4088,27
01/01/2025,4031,27
01/01/2026,3955,27
01/01/2027,3877,27
01/01/2028,3792,27
01/01/2029,3709,27
01/01/2030,3647,27
01/01/2031,3563,27
01/01/2017,4609,28
01/01/2018,4532,28
01/01/2019,4455,28
01/01/2020,4394,28
01/01/2021,4325,28
01/01/2022,4257,28
01/01/2023,4185,28
01/01/2024,4100,28
01/01/2025,4031,28
01/01/2026,3964,28
01/01/2027,3889,28
01/01/2028,3823,28
01/01/2029,3734,28
01/01/2030,3659,28
01/01/2031,3593,28
01/01/2017,4607,29
01/01/2018,4540,29
01/01/2019,4457,29
01/01/2020,4388,29
01/01/2021,4310,29
01/01/2022,4246,29
01/01/2023,4186,29
01/01/2024,4114,29
01/01/2025,4049,29
01/01/2026,3986,29
01/01/2027,3920,29
01/01/2028,3847,29
01/01/2029,3761,29
01/01/2030,3688,29
01/01/2031,3624,29
01/01/2017,4603,30
01/01/2018,4530,30
01/01/2019,4463,30
01/01/2020,4388,30
01/01/2021,4317,30
01/01/2022,4245,30
01/01/2023,4181,30
01/01/2024,4110,30
01/01/2025,4030,30
01/01/2026,3960,30
01/01/2027,3893,30
01/01/2028,3800,30
01/01/2029,3740,30
01/01/2030,3662,30
01/01/2031,3597,30
01/01/2017,4599,31
01/01/2018,4516,31
01/01/2019,4447,31
01/01/2020,4373,31
01/01/2021,4306,31
01/01/2022,4228,31
01/01/2023,4158,31
01/01/2024,4080,31
01/01/2025,4017,31
01/01/2026,3953,31
01/01/2027,3888,31
01/01/2028,3830,31
01/01/2029,3751,31
01/01/2030,3677,31
01/01/2031,3600,31
01/01/2017,4607,32
01/01/2018,4539,32
01/01/2019,4449,32
01/01/2020,4385,32
01/01/2021,4316,32
01/01/2022,4242,32
01/01/2023,4163,32
01/01/2024,4103,32
01/01/2025,4038,32
01/01/2026,3963,32
01/01/2027,3899,32
01/01/2028,3827,32
01/01/2029,3751,32
01/01/2030,3672,32
01/01/2031,3612,32
01/01/2017,4594,33
01/01/2018,4517,33
01/01/2019,4452,33
01/01/2020,4380,33
01/01/2021,4322,33
01/01/2022,4257,33
01/01/2023,4194,33
01/01/2024,4129,33
01/01/2025,4056,33
01/01/2026,4001,33
01/01/2027,3922,33
01/01/2028,3853,33
01/01/2029,3776,33
01/01/2030,3707,33
01/01/2031,3624,33
01/01/2017,4608,34
01/01/2018,4534,34
01/01/2019,4457,34
01/01/2020,4394,34
01/01/2021,4340,34
01/01/2022,4267,34
01/01/2023,4185,34
01/01/2024,4123,34
01/01/2025,4061,34
01/01/2026,3994,34
01/01/2027,3921,34
01/01/2028,3850,34
01/01/2029,3767,34
01/01/2030,3681,34
01/01/2031,3602,34
01/01/2017,4582,35
01/01/2018,4514,35
01/01/2019,4452,35
01/01/2020,4391,35
01/01/2021,4323,35
01/01/2022,4247,35
01/01/2023,4170,35
01/01/2024,4089,35
01/01/2025,4018,35
01/01/2026,3939,35
01/01/2027,3869,35
01/01/2028,3795,35
01/01/2029,3732,35
01/01/2030,3660,35
01/01/2031,3578,35
01/01/2017,4594,36
01/01/2018,4531,36
01/01/2019,4458,36
01/01/2020,4389,36
01/01/2021,4310,36
01/01/2022,4230,36
01/01/2023,4150,36
01/01/2024,4080,36
01/01/2025,4018,36
01/01/2026,3945,36
01/01/2027,3880,36
01/01/2028,3816,36
01/01/2029,3752,36
01/01/2030,3676,36
01/01/2031,3604,36
01/01/2017,4587,37
01/01/2018,4524,37
01/01/2019,4450,37
01/01/2020,4391,37
01/01/2021,4330,37
01/01/2022,4263,37
01/01/2023,4188,37
01/01/2024,4113,37
01/01/2025,4050,37
01/01/2026,3973,37
01/01/2027,3888,37
01/01/2028,3815,37
01/01/2029,3742,37
01/01/2030,3667,37
01/01/2031,3608,37
01/01/2017,4601,38
01/01/2018,4536,38
01/01/2019,4468,38
01/01/2020,4390,38
01/01/2021,4311,38
01/01/2022,4249,38
01/01/2023,4177,38
01/01/2024,4101,38
01/01/2025,4021,38
01/01/2026,3951,38
01/01/2027,3893,38
01/01/2028,3814,38
01/01/2029,3743,38
01/01/2030,3686,38
01/01/2031,3624,38
01/01/2017,4612,39
01/01/2018,4544,39
01/01/2019,4475,39
01/01/2020,4403,39
01/01/2021,4338,39
01/01/2022,4275,39
01/01/2023,4217,39
01/01/2024,4154,39
01/01/2025,4082,39
01/01/2026,4030,39
01/01/2027,3960,39
01/01/2028,3887,39
01/01/2029,3815,39
01/01/2030,3728,39
01/01/2031,3648,39
01/01/2017,4603,40
01/01/2018,4524,40
01/01/2019,4444,40
01/01/2020,4369,40
01/01/2021,4299,40
01/01/2022,4252,40
01/01/2023,4183,40
01/01/2024,4116,40
01/01/2025,4042,40
01/01/2026,3973,40
01/01/2027,3911,40
01/01/2028,3819,40
01/01/2029,3746,40
01/01/2030,3676,40
01/01/2031,3592,40
01/01/2017,4611,41
01/01/2018,4538,41
01/01/2019,4470,41
01/01/2020,4403,41
01/01/2021,4345,41
01/01/2022,4273,41
01/01/2023,4200,41
01/01/2024,4124,41
01/01/2025,4052,41
01/01/2026,3983,41
01/01/2027,3895,41
01/01/2028,3825,41
01/01/2029,3751,41
01/01/2030,3682,41
01/01/2031,3597,41
01/01/2017,4609,42
01/01/2018,4536,42
01/01/2019,4459,42
01/01/2020,4385,42
01/01/2021,4312,42
01/01/2022,4247,42
01/01/2023,4172,42
01/01/2024,4089,42
01/01/2025,4009,42
01/01/2026,3938,42
01/01/2027,3871,42
01/01/2028,3810,42
01/01/2029,3746,42
01/01/2030,3676,42
01/01/2031,3614,42
01/01/2017,4597,43
01/01/2018,4517,43
01/01/2019,4451,43
01/01/2020,4391,43
01/01/2021,4313,43
01/01/2022,4245,43
01/01/2023,4175,43
01/01/2024,4100,43
01/01/2025,4034,43
01/01/2026,3952,43
01/01/2027,3889,43
01/01/2028,3813,43
01/01/2029,3725,43
01/01/2030,3629,43
01/01/2031,3556,43
01/01/2017,4594,44
01/01/2018,4523,44
01/01/2019,4450,44
01/01/2020,4375,44
01/01/2021,4307,44
01/01/2022,4224,44
01/01/2023,4174,44
01/01/2024,4096,44
01/01/2025,4023,44
01/01/2026,3950,44
01/01/2027,3886,44
01/01/2028,3815,44
01/01/2029,3726,44
01/01/2030,3661,44
01/01/2031,3591,44
01/01/2017,4594,45
01/01/2018,4518,45
01/01/2019,4449,45
01/01/2020,4374,45
01/01/2021,4300,45
01/01/2022,4225,45
01/01/2023,4153,45
01/01/2024,4084,45
01/01/2025,4017,45
01/01/2026,3947,45
01/01/2027,3874,45
01/01/2028,3781,45
01/01/2029,3705,45
01/01/2030,3643,45
01/01/2031,3572,45
01/01/2017,4596,46
01/01/2018,4522,46
01/01/2019,4450,46
01/01/2020,4371,46
01/01/2021,4303,46
01/01/2022,4233,46
01/01/2023,4169,46
01/01/2024,4102,46
01/01/2025,4038,46
01/01/2026,3974,46
01/01/2027,3919,46
01/01/2028,3848,46
01/01/2029,3786,46
01/01/2030,3698,46
01/01/2031,3621,46
01/01/2017,4591,47
01/01/2018,4511,47
01/01/2019,4434,47
01/01/2020,4363,47
01/01/2021,4300,47
01/01/2022,4235,47
01/01/2023,4153,47
01/01/2024,4079,47
01/01/2025,4000,47
01/01/2026,3930,47
01/01/2027,3862,47
01/01/2028,3800,47
01/01/2029,3732,47
01/01/2030,3651,47
01/01/2031,3586,47
01/01/2017,4601,48
01/01/2018,4526,48
01/01/2019,4452,48
01/01/2020,4386,48
01/01/2021,4313,48
01/01/2022,4247,48
01/01/2023,4171,48
01/01/2024,4088,48
01/01/2025,4010,48
01/01/2026,3936,48
01/01/2027,3863,48
01/01/2028,3788,48
01/01/2029,3714,48
01/01/2030,3653,48
01/01/2031,3589,48
01/01/2017,4614,49
01/01/2018,4540,49
01/01/2019,4464,49
01/01/2020,4398,49
01/01/2021,4337,49
01/01/2022,4260,49
01/01/2023,4178,49
01/01/2024,4107,49
01/01/2025,4022,49
01/01/2026,3959,49
01/01/2027,3892,49
01/01/2028,3825,49
01/01/2029,3760,49
01/01/2030,3682,49
01/01/2031,3601,49
01/01/2017,4605,50
01/01/2018,4541,50
01/01/2019,4470,50
01/01/2020,4392,50
01/01/2021,4312,50
01/01/2022,4236,50
01/01/2023,4163,50
01/01/2024,4109,50
01/01/2025,4045,50
01/01/2026,3965,50
01/01/2027,3889,50
01/01/2028,3805,50
01/01/2029,3728,50
01/01/2030,3651,50
01/01/2031,3570,50
01/01/2017,4608,51
01/01/2018,4542,51
01/01/2019,4464,51
01/01/2020,4411,51
01/01/2021,4350,51
01/01/2022,4278,51
01/01/2023,4217,51
01/01/2024,4153,51
01/01/2025,4089,51
01/01/2026,4020,51
01/01/2027,3955,51
01/01/2028,3873,51
01/01/2029,3782,51
01/01/2030,3698,51
01/01/2031,3618,51
01/01/2017,4589,52
01/01/2018,4520,52
01/01/2019,4451,52
01/01/2020,4380,52
01/01/2021,4318,52
01/01/2022,4230,52
01/01/2023,4164,52
01/01/2024,4098,52
01/01/2025,4043,52
01/01/2026,3977,52
01/01/2027,3895,52
01/01/2028,3837,52
01/01/2029,3762,52
01/01/2030,3691,52
01/01/2031,3615,52
01/01/2017,4601,53
01/01/2018,4527,53
01/01/2019,4456,53
01/01/2020,4381,53
01/01/2021,4308,53
01/01/2022,4245,53
01/01/2023,4165,53
01/01/2024,4088,53
01/01/2025,4014,53
01/01/2026,3946,53
01/01/2027,3886,53
01/01/2028,3796,53
01/01/2029,3732,53
01/01/2030,3656,53
01/01/2031,3584,53
01/01/2017,4610,54
01/01/2018,4530,54
01/01/2019,4460,54
01/01/2020,4380,54
01/01/2021,4312,54
01/01/2022,4244,54
01/01/2023,4174,54
01/01/2024,4115,54
01/01/2025,4034,54
01/01/2026,3976,54
01/01/2027,3915,54
01/01/2028,3833,54
01/01/2029,3761,54
01/01/2030,3680,54
01/01/2031,3601,54
01/01/2017,4606,55
01/01/2018,4543,55
01/01/2019,4462,55
01/01/2020,4387,55
01/01/2021,4307,55
01/01/2022,4232,55
01/01/2023,4159,55
01/01/2024,4086,55
01/01/2025,4013,55
01/01/2026,3946,55
01/01/2027,3877,55
01/01/2028,3811,55
01/01/2029,3740,55
01/01/2030,3666,55
01/01/2031,3587,55
01/01/2017,4614,56
01/01/2018,4549,56
01/01/2019,4465,56
01/01/2020,4387,56
01/01/2021,4308,56
01/01/2022,4249,56
01/01/2023,4184,56
01/01/2024,4098,56
01/01/2025,4027,56
01/01/2026,3958,56
01/01/2027,3878,56
01/01/2028,3799,56
01/01/2029,3739,56
01/01/2030,3653,56
01/01/2031,3569,56
01/01/2017,4595,57
01/01/2018,4513,57
01/01/2019,4427,57
01/01/2020,4343,57
01/01/2021,4287,57
01/01/2022,4221,57
01/01/2023,4160,57
01/01/2024,4113,57
01/01/2025,4048,57
01/01/2026,3975,57
01/01/2027,3893,57
01/01/2028,3823,57
01/01/2029,3754,57
01/01/2030,3670,57
01/01/2031,3594,57
01/01/2017,4618,58
01/01/2018,4561,58
01/01/2019,4490,58
01/01/2020,4419,58
01/01/2021,4354,58
01/01/2022,4274,58
01/01/2023,4205,58
01/01/2024,4130,58
01/01/2025,4052,58
01/01/2026,3992,58
01/01/2027,3914,58
01/01/2028,3829,58
01/01/2029,3756,58
01/01/2030,3688,58
01/01/2031,3609,58
01/01/2017,4601,59
01/01/2018,4523,59
01/01/2019,4445,59
01/01/2020,4362,59
01/01/2021,4289,59
01/01/2022,4207,59
01/01/2023,4147,59
01/01/2024,4083,59
01/01/2025,3997,59
01/01/2026,3912,59
01/01/2027,3838,59
01/01/2028,3778,59
01/01/2029,3712,59
01/01/2030,3643,59
01/01/2031,3562,59
01/01/2017,4597,60
01/01/2018,4534,60
01/01/2019,4476,60
01/01/2020,4394,60
01/01/2021,4307,60
01/01/2022,4235,60
01/01/2023,4184,60
01/01/2024,4098,60
01/01/2025,4030,60
01/01/2026,3951,60
01/01/2027,3894,60
01/01/2028,3817,60
01/01/2029,3736,60
01/01/2030,3664,60
01/01/2031,3591,60
01/01/2017,4588,61
01/01/2018,4510,61
01/01/2019,4435,61
01/01/2020,4360,61
01/01/2021,4295,61
01/01/2022,4240,61
01/01/2023,4176,61
01/01/2024,4081,61
01/01/2025,4013,61
01/01/2026,3944,61
01/01/2027,3874,61
01/01/2028,3785,61
01/01/2029,3699,61
01/01/2030,3636,61
01/01/2031,3557,61
01/01/2017,4587,62
01/01/2018,4522,62
01/01/2019,4446,62
01/01/2020,4388,62
01/01/2021,4328,62
01/01/2022,4254,62
01/01/2023,4185,62
01/01/2024,4116,62
01/01/2025,4039,62
01/01/2026,3963,62
01/01/2027,3883,62
01/01/2028,3817,62
01/01/2029,3740,62
01/01/2030,3668,62
01/01/2031,3599,62
01/01/2017,4593,63
01/01/2018,4512,63
01/01/2019,4449,63
01/01/2020,4381,63
01/01/2021,4295,63
01/01/2022,4228,63
01/01/2023,4155,63
01/01/2024,4097,63
01/01/2025,4030,63
01/01/2026,3952,63
01/01/2027,3902,63
01/01/2028,3831,63
01/01/2029,3762,63
01/01/2030,3691,63
01/01/2031,3598,63
01/01/2017,4606,64
01/01/2018,4546,64
01/01/2019,4467,64
01/01/2020,4400,64
01/01/2021,4340,64
01/01/2022,4274,64
01/01/2023,4194,64
01/01/2024,4129,64
01/01/2025,4069,64
01/01/2026,4018,64
01/01/2027,3938,64
01/01/2028,3868,64
01/01/2029,3795,64
01/01/2030,3722,64
01/01/2031,3641,64
01/01/2017,4600,65
01/01/2018,4529,65
01/01/2019,4449,65
01/01/2020,4378,65
01/01/2021,4316,65
01/01/2022,4243,65
01/01/2023,4177,65
01/01/2024,4101,65
01/01/2025,4026,65
01/01/2026,3959,65
01/01/2027,3891,65
01/01/2028,3818,65
01/01/2029,3756,65
01/01/2030,3667,65
01/01/2031,3588,65
01/01/2017,4601,66
01/01/2018,4533,66
01/01/2019,4467,66
01/01/2020,4405,66
01/01/2021,4348,66
01/01/2022,4282,66
01/01/2023,4197,66
01/01/2024,4135,66
01/01/2025,4054,66
01/01/2026,3986,66
01/01/2027,3900,66
01/01/2028,3821,66
01/01/2029,3751,66
01/01/2030,3682,66
01/01/2031,3600,66
01/01/2017,4604,67
01/01/2018,4522,67
01/01/2019,4450,67
01/01/2020,4387,67
01/01/2021,4317,67
01/01/2022,4241,67
01/01/2023,4164,67
01/01/2024,4096,67
01/01/2025,4015,67
01/01/2026,3949,67
01/01/2027,3883,67
01/01/2028,3796,67
01/01/2029,3714,67
01/01/2030,3653,67
01/01/2031,3576,67
01/01/2017,4601,68
01/01/2018,4536,68
01/01/2019,4465,68
01/01/2020,4410,68
01/01/2021,4329,68
01/01/2022,4245,68
01/01/2023,4184,68
01/01/2024,4120,68
01/01/2025,4035,68
01/01/2026,3965,68
01/01/2027,3879,68
01/01/2028,3815,68
01/01/2029,3740,68
01/01/2030,3670,68
01/01/2031,3602,68
01/01/2017,4599,69
01/01/2018,4525,69
01/01/2019,4456,69
01/01/2020,4386,69
01/01/2021,4324,69
01/01/2022,4262,69
01/01/2023,4176,69
01/01/2024,4100,69
01/01/2025,4028,69
01/01/2026,3951,69
01/01/2027,3877,69
01/01/2028,3807,69
01/01/2029,3727,69
01/01/2030,3657,69
01/01/2031,3577,69
01/01/2017,4593,70
01/01/2018,4522,70
01/01/2019,4454,70
01/01/2020,4390,70
01/01/2021,4318,70
01/01/2022,4235,70
01/01/2023,4167,70
01/01/2024,4108,70
01/01/2025,4036,70
01/01/2026,3961,70
01/01/2027,3903,70
01/01/2028,3837,70
01/01/2029,3771,70
01/01/2030,3697,70
01/01/2031,3624,70
01/01/2017,4599,71
01/01/2018,4536,71
01/01/2019,4474,71
01/01/2020,4413,71
01/01/2021,4345,71
01/01/2022,4269,71
01/01/2023,4207,71
01/01/2024,4149,71
01/01/2025,4065,71
01/01/2026,3998,71
01/01/2027,3928,71
01/01/2028,3852,71
01/01/2029,3789,71
01/01/2030,3730,71
01/01/2031,3652,71
01/01/2017,4605,72
01/01/2018,4532,72
01/01/2019,4471,72
01/01/2020,4406,72
01/01/2021,4337,72
01/01/2022,4275,72
01/01/2023,4194,72
01/01/2024,4129,72
01/01/2025,4052,72
01/01/2026,3999,72
01/01/2027,3917,72
01/01/2028,3842,72
01/01/2029,3758,72
01/01/2030,3689,72
01/01/2031,3602,72
01/01/2017,4608,73
01/01/2018,4538,73
01/01/2019,4471,73
01/01/2020,4400,73
01/01/2021,4330,73
01/01/2022,4256,73
01/01/2023,4194,73
01/01/2024,4089,73
01/01/2025,4035,73
01/01/2026,3968,73
01/01/2027,3894,73
01/01/2028,3813,73
01/01/2029,3731,73
01/01/2030,3653,73
01/01/2031,3600,73
01/01/2017,4599,74
01/01/2018,4522,74
01/01/2019,4436,74
01/01/2020,4360,74
01/01/2021,4289,74
01/01/2022,4227,74
01/01/2023,4162,74
01/01/2024,4097,74
01/01/2025,4035,74
01/01/2026,3960,74
01/01/2027,3888,74
01/01/2028,3819,74
01/01/2029,3744,74
01/01/2030,3670,74
01/01/2031,3582,74
01/01/2017,4601,75
01/01/2018,4543,75
01/01/2019,4475,75
01/01/2020,4418,75
01/01/2021,4332,75
01/01/2022,4253,75
01/01/2023,4168,75
01/01/2024,4101,75
01/01/2025,4035,75
01/01/2026,3957,75
01/01/2027,3889,75
01/01/2028,3810,75
01/01/2029,3732,75
01/01/2030,3654,75
01/01/2031,3589,75
01/01/2017,4596,76
01/01/2018,4528,76
01/01/2019,4457,76
01/01/2020,4389,76
01/01/2021,4321,76
01/01/2022,4259,76
01/01/2023,4198,76
01/01/2024,4112,76
01/01/2025,4036,76
01/01/2026,3960,76
01/01/2027,3888,76
01/01/2028,3802,76
01/01/2029,3730,76
01/01/2030,3662,76
01/01/2031,3590,76
01/01/2017,4595,77
01/01/2018,4522,77
01/01/2019,4447,77
01/01/2020,4379,77
01/01/2021,4303,77
01/01/2022,4225,77
01/01/2023,4148,77
01/01/2024,4079,77
01/01/2025,4005,77
01/01/2026,3923,77
01/01/2027,3844,77
01/01/2028,3775,77
01/01/2029,3699,77
01/01/2030,3636,77
01/01/2031,3568,77
01/01/2017,4599,78
01/01/2018,4535,78
01/01/2019,4455,78
01/01/2020,4382,78
01/01/2021,4318,78
01/01/2022,4252,78
01/01/2023,4187,78
01/01/2024,4110,78
01/01/2025,4037,78
01/01/2026,3967,78
01/01/2027,3878,78
01/01/2028,3814,78
01/01/2029,3723,78
01/01/2030,3633,78
01/01/2031,3570,78
01/01/2017,4598,79
01/01/2018,4535,79
01/01/2019,4462,79
01/01/2020,4387,79
01/01/2021,4315,79
01/01/2022,4226,79
01/01/2023,4157,79
01/01/2024,4081,79
01/01/2025,4006,79
01/01/2026,3954,79
01/01/2027,3875,79
01/01/2028,3816,79
01/01/2029,3741,79
01/01/2030,3662,79
01/01/2031,3572,79
01/01/2017,4586,80
01/01/2018,4525,80
01/01/2019,4456,80
01/01/2020,4380,80
01/01/2021,4312,80
01/01/2022,4241,80
01/01/2023,4166,80
01/01/2024,4090,80
01/01/2025,4020,80
01/01/2026,3938,80
01/01/2027,3866,80
01/01/2028,3787,80
01/01/2029,3721,80
01/01/2030,3652,80
01/01/2031,3559,80
01/01/2017,4600,81
01/01/2018,4533,81
01/01/2019,4466,81
01/01/2020,4383,81
01/01/2021,4307,81
01/01/2022,4230,81
01/01/2023,4161,81
01/01/2024,4098,81
01/01/2025,4027,81
01/01/2026,3944,81
01/01/2027,3877,81
01/01/2028,3809,81
01/01/2029,3738,81
01/01/2030,3667,81
01/01/2031,3583,81
01/01/2017,4595,82
01/01/2018,4527,82
01/01/2019,4465,82
01/01/2020,4388,82
01/01/2021,4314,82
01/01/2022,4245,82
01/01/2023,4173,82
01/01/2024,4097,82
01/01/2025,4025,82
01/01/2026,3963,82
01/01/2027,3896,82
01/01/2028,3816,82
01/01/2029,3737,82
01/01/2030,3673,82
01/01/2031,3580,82
01/01/2017,4610,83
01/01/2018,4536,83
01/01/2019,4456,83
01/01/2020,4391,83
01/01/2021,4338,83
01/01/2022,4275,83
01/01/2023,4210,83
01/01/2024,4137,83
01/01/2025,4073,83
01/01/2026,3997,83
01/01/2027,3925,83
01/01/2028,3851,83
01/01/2029,3783,83
01/01/2030,3687,83
01/01/2031,3611,83
01/01/2017,4598,84
01/01/2018,4524,84
01/01/2019,4441,84
01/01/2020,4357,84
01/01/2021,4301,84
01/01/2022,4231,84
01/01/2023,4144,84
01/01/2024,4070,84
01/01/2025,4004,84
01/01/2026,3938,84
01/01/2027,3873,84
01/01/2028,3788,84
01/01/2029,3712,84
01/01/2030,3635,84
01/01/2031,3569,84
01/01/2017,4602,85
01/01/2018,4537,85
01/01/2019,4462,85
01/01/2020,4381,85
01/01/2021,4321,85
01/01/2022,4240,85
01/01/2023,4149,85
01/01/2024,4088,85
01/01/2025,4024,85
01/01/2026,3948,85
01/01/2027,3876,85
01/01/2028,3812,85
01/01/2029,3732,85
01/01/2030,3667,85
01/01/2031,3599,85
01/01/2017,4603,86
01/01/2018,4543,86
01/01/2019,4459,86
01/01/2020,4396,86
01/01/2021,4327,86
01/01/2022,4263,86
01/01/2023,4191,86
01/01/2024,4109,86
01/01/2025,4048,86
01/01/2026,3978,86
01/01/2027,3919,86
01/01/2028,3848,86
01/01/2029,3771,86
01/01/2030,3681,86
01/01/2031,3609,86
01/01/2017,4608,87
01/01/2018,4525,87
01/01/2019,4464,87
01/01/2020,4400,87
01/01/2021,4326,87
01/01/2022,4255,87
01/01/2023,4178,87
01/01/2024,4097,87
01/01/2025,4039,87
01/01/2026,3962,87
01/01/2027,3897,87
01/01/2028,3818,87
01/01/2029,3743,87
01/01/2030,3674,87
01/01/2031,3613,87
01/01/2017,4607,88
01/01/2018,4539,88
01/01/2019,4465,88
01/01/2020,4399,88
01/01/2021,4345,88
01/01/2022,4277,88
01/01/2023,4206,88
01/01/2024,4116,88
01/01/2025,4033,88
01/01/2026,3956,88
01/01/2027,3883,88
01/01/2028,3790,88
01/01/2029,3715,88
01/01/2030,3639,88
01/01/2031,3564,88
01/01/2017,4591,89
01/01/2018,4523,89
01/01/2019,4452,89
01/01/2020,4379,89
01/01/2021,4308,89
01/01/2022,4253,89
01/01/2023,4174,89
01/01/2024,4115,89
01/01/2025,4043,89
01/01/2026,3963,89
01/01/2027,3903,89
01/01/2028,3841,89
01/01/2029,3777,89
01/01/2030,3701,89
01/01/2031,3615,89
01/01/2017,4608,90
01/01/2018,4528,90
01/01/2019,4470,90
01/01/2020,4391,90
01/01/2021,4308,90
01/01/2022,4240,90
01/01/2023,4171,90
01/01/2024,4096,90
01/01/2025,4032,90
01/01/2026,3967,90
01/01/2027,3884,90
01/01/2028,3823,90
01/01/2029,3743,90
01/01/2030,3666,90
01/01/2031,3587,90
01/01/2017,4600,91
01/01/2018,4524,91
01/01/2019,4438,91
01/01/2020,4373,91
01/01/2021,4307,91
01/01/2022,4241,91
01/01/2023,4183,91
01/01/2024,4113,91
01/01/2025,4050,91
01/01/2026,3970,91
01/01/2027,3906,91
01/01/2028,3820,91
01/01/2029,3746,91
01/01/2030,3671,91
01/01/2031,3584,91
01/01/2017,4597,92
01/01/2018,4526,92
01/01/2019,4456,92
01/01/2020,4389,92
01/01/2021,4324,92
01/01/2022,4238,92
01/01/2023,4170,92
01/01/2024,4106,92
01/01/2025,4040,92
01/01/2026,3974,92
01/01/2027,3900,92
01/01/2028,3812,92
01/01/2029,3730,92
01/01/2030,3658,92
01/01/2031,3592,92
01/01/2017,4604,93
01/01/2018,4538,93
01/01/2019,4472,93
01/01/2020,4406,93
01/01/2021,4335,93
01/01/2022,4269,93
01/01/2023,4194,93
01/01/2024,4114,93
01/01/2025,4042,93
01/01/2026,3976,93
01/01/2027,3899,93
01/01/2028,3830,93
01/01/2029,3747,93
01/01/2030,3671,93
01/01/2031,3572,93
01/01/2017,4597,94
01/01/2018,4516,94
01/01/2019,4454,94
01/01/2020,4383,94
01/01/2021,4309,94
01/01/2022,4228,94
01/01/2023,4163,94
01/01/2024,4092,94
01/01/2025,4025,94
01/01/2026,3956,94
01/01/2027,3892,94
01/01/2028,3823,94
01/01/2029,3754,94
01/01/2030,3673,94
01/01/2031,3608,94
01/01/2017,4596,95
01/01/2018,4524,95
01/01/2019,4456,95
01/01/2020,4376,95
01/01/2021,4307,95
01/01/2022,4246,95
01/01/2023,4189,95
01/01/2024,4119,95
01/01/2025,4055,95
01/01/2026,3982,95
01/01/2027,3903,95
01/01/2028,3827,95
01/01/2029,3743,95
01/01/2030,3668,95
01/01/2031,3582,95
01/01/2017,4595,96
01/01/2018,4524,96
01/01/2019,4454,96
01/01/2020,4397,96
01/01/2021,4322,96
01/01/2022,4255,96
01/01/2023,4177,96
01/01/2024,4104,96
01/01/2025,4033,96
01/01/2026,3965,96
01/01/2027,3893,96
01/01/2028,3830,96
01/01/2029,3761,96
01/01/2030,3699,96
01/01/2031,3632,96
01/01/2017,4597,97
01/01/2018,4527,97
01/01/2019,4461,97
01/01/2020,4392,97
01/01/2021,4326,97
01/01/2022,4254,97
01/01/2023,4187,97
01/01/2024,4120,97
01/01/2025,4061,97
01/01/2026,3983,97
01/01/2027,3917,97
01/01/2028,3842,97
01/01/2029,3761,97
01/01/2030,3674,97
01/01/2031,3605,97
01/01/2017,4602,98
01/01/2018,4515,98
01/01/2019,4439,98
01/01/2020,4372,98
01/01/2021,4315,98
01/01/2022,4242,98
01/01/2023,4168,98
01/01/2024,4109,98
01/01/2025,4040,98
01/01/2026,3972,98
01/01/2027,3897,98
01/01/2028,3827,98
01/01/2029,3753,98
01/01/2030,3666,98
01/01/2031,3580,98
01/01/2017,4599,99
01/01/2018,4525,99
01/01/2019,4461,99
01/01/2020,4394,99
01/01/2021,4331,99
01/01/2022,4249,99
01/01/2023,4184,99
01/01/2024,4111,99
01/01/2025,4039,99
01/01/2026,3956,99
01/01/2027,3886,99
01/01/2028,3816,99
01/01/2029,3750,99
01/01/2030,3673,99
01/01/2031,3590,99
01/01/2017,4599,100
01/01/2018,4520,100
01/01/2019,4444,100
01/01/2020,4380,100
01/01/2021,4299,100
01/01/2022,4230,100
01/01/2023,4162,100
01/01/2024,4088,100
01/01/2025,4028,100
01/01/2026,3962,100
01/01/2027,3901,100
01/01/2028,3836,100
01/01/2029,3755,100
01/01/2030,3686,100
01/01/2031,3622,100
